instance,orig_m,orig_n,red_m,red_n,m_red_pct,n_red_pct,method,strategy,lb_type,initial_ub_type,cost,time,nodes,status,error
scp41.txt,200,1000,40,121,80.0,87.9,greedy,N/A,N/A,N/A,132.0,0.0021102428436279297,1,success,
scp41.txt,200,1000,40,121,80.0,87.9,bb,dfs,sum_degree,greedy,127.0,0.0872490406036377,534,success,
scp41.txt,200,1000,40,121,80.0,87.9,bb,dfs,packing,greedy,127.0,0.16627097129821777,2465,success,
scp41.txt,200,1000,40,121,80.0,87.9,bb,dfs,both,greedy,127.0,0.0693819522857666,531,success,
scp41.txt,200,1000,40,121,80.0,87.9,bb,dfs,sum_degree,trivial,127.0,0.0392763614654541,543,success,
scp41.txt,200,1000,40,121,80.0,87.9,bb,dfs,packing,trivial,127.0,0.14297270774841309,2474,success,
scp41.txt,200,1000,40,121,80.0,87.9,bb,dfs,both,trivial,127.0,0.0784909725189209,540,success,
scp41.txt,200,1000,40,121,80.0,87.9,bb,best_first,sum_degree,greedy,127.0,0.08730125427246094,484,success,
scp41.txt,200,1000,40,121,80.0,87.9,bb,best_first,packing,greedy,127.0,0.1646108627319336,1871,success,
scp41.txt,200,1000,40,121,80.0,87.9,bb,best_first,both,greedy,127.0,0.09069991111755371,486,success,
scp41.txt,200,1000,40,121,80.0,87.9,bb,best_first,sum_degree,trivial,127.0,0.0477144718170166,659,success,
scp41.txt,200,1000,40,121,80.0,87.9,bb,best_first,packing,trivial,127.0,0.10427570343017578,2880,success,
scp41.txt,200,1000,40,121,80.0,87.9,bb,best_first,both,trivial,127.0,0.06447792053222656,685,success,
scp410.txt,200,1000,40,120,80.0,88.0,greedy,N/A,N/A,N/A,100.0,0.001275777816772461,1,success,
scp410.txt,200,1000,40,120,80.0,88.0,bb,dfs,sum_degree,greedy,96.0,0.005455493927001953,72,success,
scp410.txt,200,1000,40,120,80.0,88.0,bb,dfs,packing,greedy,96.0,0.015436172485351562,114,success,
scp410.txt,200,1000,40,120,80.0,88.0,bb,dfs,both,greedy,96.0,0.022515535354614258,72,success,
scp410.txt,200,1000,40,120,80.0,88.0,bb,dfs,sum_degree,trivial,96.0,0.009631156921386719,72,success,
scp410.txt,200,1000,40,120,80.0,88.0,bb,dfs,packing,trivial,96.0,0.015527963638305664,114,success,
scp410.txt,200,1000,40,120,80.0,88.0,bb,dfs,both,trivial,96.0,0.021097898483276367,72,success,
scp410.txt,200,1000,40,120,80.0,88.0,bb,best_first,sum_degree,greedy,96.0,0.00667572021484375,48,success,
scp410.txt,200,1000,40,120,80.0,88.0,bb,best_first,packing,greedy,96.0,0.021421194076538086,70,success,
scp410.txt,200,1000,40,120,80.0,88.0,bb,best_first,both,greedy,96.0,0.01893138885498047,48,success,
scp410.txt,200,1000,40,120,80.0,88.0,bb,best_first,sum_degree,trivial,96.0,0.013299942016601562,67,success,
scp410.txt,200,1000,40,120,80.0,88.0,bb,best_first,packing,trivial,96.0,0.009954452514648438,112,success,
scp410.txt,200,1000,40,120,80.0,88.0,bb,best_first,both,trivial,96.0,0.010345935821533203,67,success,
scp42.txt,200,1000,40,127,80.0,87.3,greedy,N/A,N/A,N/A,218.0,0.001939535140991211,1,success,
scp42.txt,200,1000,40,127,80.0,87.3,bb,dfs,sum_degree,greedy,201.0,0.0104522705078125,49,success,
scp42.txt,200,1000,40,127,80.0,87.3,bb,dfs,packing,greedy,201.0,0.006818294525146484,51,success,
scp42.txt,200,1000,40,127,80.0,87.3,bb,dfs,both,greedy,201.0,0.013174772262573242,49,success,
scp42.txt,200,1000,40,127,80.0,87.3,bb,dfs,sum_degree,trivial,201.0,0.0043773651123046875,49,success,
scp42.txt,200,1000,40,127,80.0,87.3,bb,dfs,packing,trivial,201.0,0.006968975067138672,51,success,
scp42.txt,200,1000,40,127,80.0,87.3,bb,dfs,both,trivial,201.0,0.008341550827026367,49,success,
scp42.txt,200,1000,40,127,80.0,87.3,bb,best_first,sum_degree,greedy,201.0,0.011053323745727539,51,success,
scp42.txt,200,1000,40,127,80.0,87.3,bb,best_first,packing,greedy,201.0,0.006362438201904297,51,success,
scp42.txt,200,1000,40,127,80.0,87.3,bb,best_first,both,greedy,201.0,0.006784200668334961,51,success,
scp42.txt,200,1000,40,127,80.0,87.3,bb,best_first,sum_degree,trivial,201.0,0.004308938980102539,51,success,
scp42.txt,200,1000,40,127,80.0,87.3,bb,best_first,packing,trivial,201.0,0.002583742141723633,51,success,
scp42.txt,200,1000,40,127,80.0,87.3,bb,best_first,both,trivial,201.0,0.005747079849243164,51,success,
scp43.txt,200,1000,40,124,80.0,87.6,greedy,N/A,N/A,N/A,199.0,0.002275228500366211,1,success,
scp43.txt,200,1000,40,124,80.0,87.6,bb,dfs,sum_degree,greedy,186.0,0.0042994022369384766,50,success,
scp43.txt,200,1000,40,124,80.0,87.6,bb,dfs,packing,greedy,186.0,0.006716251373291016,50,success,
scp43.txt,200,1000,40,124,80.0,87.6,bb,dfs,both,greedy,186.0,0.009801626205444336,50,success,
scp43.txt,200,1000,40,124,80.0,87.6,bb,dfs,sum_degree,trivial,186.0,0.006670713424682617,50,success,
scp43.txt,200,1000,40,124,80.0,87.6,bb,dfs,packing,trivial,186.0,0.007064342498779297,50,success,
scp43.txt,200,1000,40,124,80.0,87.6,bb,dfs,both,trivial,186.0,0.012660980224609375,50,success,
scp43.txt,200,1000,40,124,80.0,87.6,bb,best_first,sum_degree,greedy,186.0,0.012937307357788086,67,success,
scp43.txt,200,1000,40,124,80.0,87.6,bb,best_first,packing,greedy,186.0,0.011813163757324219,84,success,
scp43.txt,200,1000,40,124,80.0,87.6,bb,best_first,both,greedy,186.0,0.0154266357421875,66,success,
scp43.txt,200,1000,40,124,80.0,87.6,bb,best_first,sum_degree,trivial,186.0,0.003927469253540039,67,success,
scp43.txt,200,1000,40,124,80.0,87.6,bb,best_first,packing,trivial,186.0,0.008943319320678711,85,success,
scp43.txt,200,1000,40,124,80.0,87.6,bb,best_first,both,trivial,186.0,0.018057823181152344,67,success,
scp44.txt,200,1000,40,123,80.0,87.7,greedy,N/A,N/A,N/A,147.0,0.0008916854858398438,1,success,
scp44.txt,200,1000,40,123,80.0,87.7,bb,dfs,sum_degree,greedy,140.0,0.009355783462524414,116,success,
scp44.txt,200,1000,40,123,80.0,87.7,bb,dfs,packing,greedy,140.0,0.01891160011291504,207,success,
scp44.txt,200,1000,40,123,80.0,87.7,bb,dfs,both,greedy,140.0,0.016766071319580078,116,success,
scp44.txt,200,1000,40,123,80.0,87.7,bb,dfs,sum_degree,trivial,140.0,0.008584260940551758,116,success,
scp44.txt,200,1000,40,123,80.0,87.7,bb,dfs,packing,trivial,140.0,0.017951488494873047,207,success,
scp44.txt,200,1000,40,123,80.0,87.7,bb,dfs,both,trivial,140.0,0.02340531349182129,116,success,
scp44.txt,200,1000,40,123,80.0,87.7,bb,best_first,sum_degree,greedy,140.0,0.013446569442749023,72,success,
scp44.txt,200,1000,40,123,80.0,87.7,bb,best_first,packing,greedy,140.0,0.02637505531311035,210,success,
scp44.txt,200,1000,40,123,80.0,87.7,bb,best_first,both,greedy,140.0,0.008794307708740234,72,success,
scp44.txt,200,1000,40,123,80.0,87.7,bb,best_first,sum_degree,trivial,140.0,0.007576704025268555,84,success,
scp44.txt,200,1000,40,123,80.0,87.7,bb,best_first,packing,trivial,140.0,0.012845277786254883,245,success,
scp44.txt,200,1000,40,123,80.0,87.7,bb,best_first,both,trivial,140.0,0.006168365478515625,84,success,
scp45.txt,200,1000,40,121,80.0,87.9,greedy,N/A,N/A,N/A,127.0,0.0013813972473144531,1,success,
scp45.txt,200,1000,40,121,80.0,87.9,bb,dfs,sum_degree,greedy,125.0,0.013586997985839844,117,success,
scp45.txt,200,1000,40,121,80.0,87.9,bb,dfs,packing,greedy,125.0,0.021634817123413086,193,success,
scp45.txt,200,1000,40,121,80.0,87.9,bb,dfs,both,greedy,125.0,0.01819133758544922,117,success,
scp45.txt,200,1000,40,121,80.0,87.9,bb,dfs,sum_degree,trivial,125.0,0.010245084762573242,117,success,
scp45.txt,200,1000,40,121,80.0,87.9,bb,dfs,packing,trivial,125.0,0.019446611404418945,193,success,
scp45.txt,200,1000,40,121,80.0,87.9,bb,dfs,both,trivial,125.0,0.025086641311645508,117,success,
scp45.txt,200,1000,40,121,80.0,87.9,bb,best_first,sum_degree,greedy,125.0,0.02348041534423828,61,success,
scp45.txt,200,1000,40,121,80.0,87.9,bb,best_first,packing,greedy,125.0,0.02727365493774414,103,success,
scp45.txt,200,1000,40,121,80.0,87.9,bb,best_first,both,greedy,125.0,0.02135634422302246,61,success,
scp45.txt,200,1000,40,121,80.0,87.9,bb,best_first,sum_degree,trivial,125.0,0.010781288146972656,117,success,
scp45.txt,200,1000,40,121,80.0,87.9,bb,best_first,packing,trivial,125.0,0.014886856079101562,223,success,
scp45.txt,200,1000,40,121,80.0,87.9,bb,best_first,both,trivial,125.0,0.011862516403198242,117,success,
scp46.txt,200,1000,40,122,80.0,87.8,greedy,N/A,N/A,N/A,154.0,0.0017695426940917969,1,success,
scp46.txt,200,1000,40,122,80.0,87.8,bb,dfs,sum_degree,greedy,140.0,0.008687019348144531,77,success,
scp46.txt,200,1000,40,122,80.0,87.8,bb,dfs,packing,greedy,140.0,0.009854316711425781,95,success,
scp46.txt,200,1000,40,122,80.0,87.8,bb,dfs,both,greedy,140.0,0.011330366134643555,77,success,
scp46.txt,200,1000,40,122,80.0,87.8,bb,dfs,sum_degree,trivial,140.0,0.007117509841918945,77,success,
scp46.txt,200,1000,40,122,80.0,87.8,bb,dfs,packing,trivial,140.0,0.012337923049926758,95,success,
scp46.txt,200,1000,40,122,80.0,87.8,bb,dfs,both,trivial,140.0,0.013103008270263672,77,success,
scp46.txt,200,1000,40,122,80.0,87.8,bb,best_first,sum_degree,greedy,140.0,0.009270668029785156,78,success,
scp46.txt,200,1000,40,122,80.0,87.8,bb,best_first,packing,greedy,140.0,0.014269351959228516,94,success,
scp46.txt,200,1000,40,122,80.0,87.8,bb,best_first,both,greedy,140.0,0.013196229934692383,78,success,
scp46.txt,200,1000,40,122,80.0,87.8,bb,best_first,sum_degree,trivial,140.0,0.007434844970703125,81,success,
scp46.txt,200,1000,40,122,80.0,87.8,bb,best_first,packing,trivial,140.0,0.008324861526489258,99,success,
scp46.txt,200,1000,40,122,80.0,87.8,bb,best_first,both,trivial,140.0,0.009155035018920898,81,success,
scp47.txt,200,1000,40,122,80.0,87.8,greedy,N/A,N/A,N/A,166.0,0.0016791820526123047,1,success,
scp47.txt,200,1000,40,122,80.0,87.8,bb,dfs,sum_degree,greedy,152.0,0.017502784729003906,163,success,
scp47.txt,200,1000,40,122,80.0,87.8,bb,dfs,packing,greedy,152.0,0.03937864303588867,678,success,
scp47.txt,200,1000,40,122,80.0,87.8,bb,dfs,both,greedy,152.0,0.05106163024902344,163,success,
scp47.txt,200,1000,40,122,80.0,87.8,bb,dfs,sum_degree,trivial,152.0,0.015483617782592773,163,success,
scp47.txt,200,1000,40,122,80.0,87.8,bb,dfs,packing,trivial,152.0,0.04160118103027344,678,success,
scp47.txt,200,1000,40,122,80.0,87.8,bb,dfs,both,trivial,152.0,0.03417396545410156,163,success,
scp47.txt,200,1000,40,122,80.0,87.8,bb,best_first,sum_degree,greedy,152.0,0.019341468811035156,187,success,
scp47.txt,200,1000,40,122,80.0,87.8,bb,best_first,packing,greedy,152.0,0.0750584602355957,855,success,
scp47.txt,200,1000,40,122,80.0,87.8,bb,best_first,both,greedy,152.0,0.027167081832885742,187,success,
scp47.txt,200,1000,40,122,80.0,87.8,bb,best_first,sum_degree,trivial,152.0,0.01903986930847168,187,success,
scp47.txt,200,1000,40,122,80.0,87.8,bb,best_first,packing,trivial,152.0,0.056122541427612305,855,success,
scp47.txt,200,1000,40,122,80.0,87.8,bb,best_first,both,trivial,152.0,0.024170875549316406,187,success,
scp48.txt,200,1000,40,121,80.0,87.9,greedy,N/A,N/A,N/A,147.0,0.0010821819305419922,1,success,
scp48.txt,200,1000,40,121,80.0,87.9,bb,dfs,sum_degree,greedy,142.0,0.011822938919067383,126,success,
scp48.txt,200,1000,40,121,80.0,87.9,bb,dfs,packing,greedy,142.0,0.011607170104980469,151,success,
scp48.txt,200,1000,40,121,80.0,87.9,bb,dfs,both,greedy,142.0,0.023742198944091797,113,success,
scp48.txt,200,1000,40,121,80.0,87.9,bb,dfs,sum_degree,trivial,142.0,0.01326131820678711,126,success,
scp48.txt,200,1000,40,121,80.0,87.9,bb,dfs,packing,trivial,142.0,0.012537479400634766,151,success,
scp48.txt,200,1000,40,121,80.0,87.9,bb,dfs,both,trivial,142.0,0.01491999626159668,113,success,
scp48.txt,200,1000,40,121,80.0,87.9,bb,best_first,sum_degree,greedy,142.0,0.012185811996459961,78,success,
scp48.txt,200,1000,40,121,80.0,87.9,bb,best_first,packing,greedy,142.0,0.019185543060302734,75,success,
scp48.txt,200,1000,40,121,80.0,87.9,bb,best_first,both,greedy,142.0,0.018935441970825195,63,success,
scp48.txt,200,1000,40,121,80.0,87.9,bb,best_first,sum_degree,trivial,142.0,0.014428377151489258,111,success,
scp48.txt,200,1000,40,121,80.0,87.9,bb,best_first,packing,trivial,142.0,0.008906364440917969,110,success,
scp48.txt,200,1000,40,121,80.0,87.9,bb,best_first,both,trivial,142.0,0.009726285934448242,98,success,
scp49.txt,200,1000,40,124,80.0,87.6,greedy,N/A,N/A,N/A,244.0,0.003237009048461914,1,success,
scp49.txt,200,1000,40,124,80.0,87.6,bb,dfs,sum_degree,greedy,229.0,0.015124082565307617,228,success,
scp49.txt,200,1000,40,124,80.0,87.6,bb,dfs,packing,greedy,229.0,0.0232694149017334,270,success,
scp49.txt,200,1000,40,124,80.0,87.6,bb,dfs,both,greedy,229.0,0.031443119049072266,173,success,
scp49.txt,200,1000,40,124,80.0,87.6,bb,dfs,sum_degree,trivial,229.0,0.018297672271728516,228,success,
scp49.txt,200,1000,40,124,80.0,87.6,bb,dfs,packing,trivial,229.0,0.025673389434814453,270,success,
scp49.txt,200,1000,40,124,80.0,87.6,bb,dfs,both,trivial,229.0,0.02479720115661621,173,success,
scp49.txt,200,1000,40,124,80.0,87.6,bb,best_first,sum_degree,greedy,229.0,0.04306912422180176,379,success,
scp49.txt,200,1000,40,124,80.0,87.6,bb,best_first,packing,greedy,229.0,0.04619789123535156,449,success,
scp49.txt,200,1000,40,124,80.0,87.6,bb,best_first,both,greedy,229.0,0.02679443359375,302,success,
scp49.txt,200,1000,40,124,80.0,87.6,bb,best_first,sum_degree,trivial,229.0,0.025607585906982422,379,success,
scp49.txt,200,1000,40,124,80.0,87.6,bb,best_first,packing,trivial,229.0,0.02592778205871582,461,success,
scp49.txt,200,1000,40,124,80.0,87.6,bb,best_first,both,trivial,229.0,0.021230459213256836,302,success,
scp51.txt,200,2000,40,120,80.0,94.0,greedy,N/A,N/A,N/A,69.0,0.0016794204711914062,1,success,
scp51.txt,200,2000,40,120,80.0,94.0,bb,dfs,sum_degree,greedy,63.0,0.07768106460571289,265,success,
scp51.txt,200,2000,40,120,80.0,94.0,bb,dfs,packing,greedy,63.0,0.1082916259765625,916,success,
scp51.txt,200,2000,40,120,80.0,94.0,bb,dfs,both,greedy,63.0,0.09617853164672852,243,success,
scp51.txt,200,2000,40,120,80.0,94.0,bb,dfs,sum_degree,trivial,63.0,0.07715296745300293,265,success,
scp51.txt,200,2000,40,120,80.0,94.0,bb,dfs,packing,trivial,63.0,0.11535787582397461,916,success,
scp51.txt,200,2000,40,120,80.0,94.0,bb,dfs,both,trivial,63.0,0.06870460510253906,243,success,
scp51.txt,200,2000,40,120,80.0,94.0,bb,best_first,sum_degree,greedy,63.0,0.11819195747375488,525,success,
scp51.txt,200,2000,40,120,80.0,94.0,bb,best_first,packing,greedy,63.0,0.15601801872253418,1493,success,
scp51.txt,200,2000,40,120,80.0,94.0,bb,best_first,both,greedy,63.0,0.04572749137878418,509,success,
scp51.txt,200,2000,40,120,80.0,94.0,bb,best_first,sum_degree,trivial,63.0,0.036557674407958984,541,success,
scp51.txt,200,2000,40,120,80.0,94.0,bb,best_first,packing,trivial,63.0,0.08072280883789062,1614,success,
scp51.txt,200,2000,40,120,80.0,94.0,bb,best_first,both,trivial,63.0,0.03392648696899414,525,success,
scp510.txt,200,2000,40,124,80.0,93.8,greedy,N/A,N/A,N/A,111.0,0.0017333030700683594,1,success,
scp510.txt,200,2000,40,124,80.0,93.8,bb,dfs,sum_degree,greedy,108.0,0.026372671127319336,164,success,
scp510.txt,200,2000,40,124,80.0,93.8,bb,dfs,packing,greedy,108.0,0.017708539962768555,315,success,
scp510.txt,200,2000,40,124,80.0,93.8,bb,dfs,both,greedy,108.0,0.016873598098754883,121,success,
scp510.txt,200,2000,40,124,80.0,93.8,bb,dfs,sum_degree,trivial,108.0,0.023804426193237305,164,success,
scp510.txt,200,2000,40,124,80.0,93.8,bb,dfs,packing,trivial,108.0,0.010608911514282227,315,success,
scp510.txt,200,2000,40,124,80.0,93.8,bb,dfs,both,trivial,108.0,0.016490697860717773,121,success,
scp510.txt,200,2000,40,124,80.0,93.8,bb,best_first,sum_degree,greedy,108.0,0.02001047134399414,215,success,
scp510.txt,200,2000,40,124,80.0,93.8,bb,best_first,packing,greedy,108.0,0.028382539749145508,400,success,
scp510.txt,200,2000,40,124,80.0,93.8,bb,best_first,both,greedy,108.0,0.016408443450927734,208,success,
scp510.txt,200,2000,40,124,80.0,93.8,bb,best_first,sum_degree,trivial,108.0,0.013507843017578125,285,success,
scp510.txt,200,2000,40,124,80.0,93.8,bb,best_first,packing,trivial,108.0,0.026178836822509766,602,success,
scp510.txt,200,2000,40,124,80.0,93.8,bb,best_first,both,trivial,108.0,0.022864341735839844,267,success,
scp52.txt,200,2000,40,123,80.0,93.85,greedy,N/A,N/A,N/A,104.0,0.0018048286437988281,1,success,
scp52.txt,200,2000,40,123,80.0,93.85,bb,dfs,sum_degree,greedy,99.0,0.01455998420715332,180,success,
scp52.txt,200,2000,40,123,80.0,93.85,bb,dfs,packing,greedy,99.0,0.01587080955505371,275,success,
scp52.txt,200,2000,40,123,80.0,93.85,bb,dfs,both,greedy,99.0,0.023016691207885742,178,success,
scp52.txt,200,2000,40,123,80.0,93.85,bb,dfs,sum_degree,trivial,99.0,0.010068893432617188,180,success,
scp52.txt,200,2000,40,123,80.0,93.85,bb,dfs,packing,trivial,99.0,0.03173232078552246,275,success,
scp52.txt,200,2000,40,123,80.0,93.85,bb,dfs,both,trivial,99.0,0.04159855842590332,178,success,
scp52.txt,200,2000,40,123,80.0,93.85,bb,best_first,sum_degree,greedy,99.0,0.04209113121032715,358,success,
scp52.txt,200,2000,40,123,80.0,93.85,bb,best_first,packing,greedy,99.0,0.036244869232177734,458,success,
scp52.txt,200,2000,40,123,80.0,93.85,bb,best_first,both,greedy,99.0,0.018657684326171875,350,success,
scp52.txt,200,2000,40,123,80.0,93.85,bb,best_first,sum_degree,trivial,99.0,0.020616531372070312,402,success,
scp52.txt,200,2000,40,123,80.0,93.85,bb,best_first,packing,trivial,99.0,0.02208709716796875,566,success,
scp52.txt,200,2000,40,123,80.0,93.85,bb,best_first,both,trivial,99.0,0.027850866317749023,394,success,
scp53.txt,200,2000,40,124,80.0,93.8,greedy,N/A,N/A,N/A,79.0,0.001741170883178711,1,success,
scp53.txt,200,2000,40,124,80.0,93.8,bb,dfs,sum_degree,greedy,77.0,0.011177301406860352,117,success,
scp53.txt,200,2000,40,124,80.0,93.8,bb,dfs,packing,greedy,77.0,0.008849382400512695,92,success,
scp53.txt,200,2000,40,124,80.0,93.8,bb,dfs,both,greedy,77.0,0.015880346298217773,92,success,
scp53.txt,200,2000,40,124,80.0,93.8,bb,dfs,sum_degree,trivial,77.0,0.009743213653564453,117,success,
scp53.txt,200,2000,40,124,80.0,93.8,bb,dfs,packing,trivial,77.0,0.007128000259399414,92,success,
scp53.txt,200,2000,40,124,80.0,93.8,bb,dfs,both,trivial,77.0,0.017923355102539062,92,success,
scp53.txt,200,2000,40,124,80.0,93.8,bb,best_first,sum_degree,greedy,77.0,0.01532745361328125,117,success,
scp53.txt,200,2000,40,124,80.0,93.8,bb,best_first,packing,greedy,77.0,0.01314401626586914,111,success,
scp53.txt,200,2000,40,124,80.0,93.8,bb,best_first,both,greedy,77.0,0.018915891647338867,109,success,
scp53.txt,200,2000,40,124,80.0,93.8,bb,best_first,sum_degree,trivial,77.0,0.012021541595458984,204,success,
scp53.txt,200,2000,40,124,80.0,93.8,bb,best_first,packing,trivial,77.0,0.01151728630065918,196,success,
scp53.txt,200,2000,40,124,80.0,93.8,bb,best_first,both,trivial,77.0,0.012833833694458008,196,success,
scp54.txt,200,2000,40,121,80.0,93.95,greedy,N/A,N/A,N/A,71.0,0.0016086101531982422,1,success,
scp54.txt,200,2000,40,121,80.0,93.95,bb,dfs,sum_degree,greedy,67.0,0.009630918502807617,49,success,
scp54.txt,200,2000,40,121,80.0,93.95,bb,dfs,packing,greedy,67.0,0.006251335144042969,61,success,
scp54.txt,200,2000,40,121,80.0,93.95,bb,dfs,both,greedy,67.0,0.008600711822509766,49,success,
scp54.txt,200,2000,40,121,80.0,93.95,bb,dfs,sum_degree,trivial,67.0,0.0026595592498779297,49,success,
scp54.txt,200,2000,40,121,80.0,93.95,bb,dfs,packing,trivial,67.0,0.004856586456298828,61,success,
scp54.txt,200,2000,40,121,80.0,93.95,bb,dfs,both,trivial,67.0,0.00711512565612793,49,success,
scp54.txt,200,2000,40,121,80.0,93.95,bb,best_first,sum_degree,greedy,67.0,0.008701562881469727,46,success,
scp54.txt,200,2000,40,121,80.0,93.95,bb,best_first,packing,greedy,67.0,0.00837087631225586,77,success,
scp54.txt,200,2000,40,121,80.0,93.95,bb,best_first,both,greedy,67.0,0.00768280029296875,46,success,
scp54.txt,200,2000,40,121,80.0,93.95,bb,best_first,sum_degree,trivial,67.0,0.003586292266845703,49,success,
scp54.txt,200,2000,40,121,80.0,93.95,bb,best_first,packing,trivial,67.0,0.004140138626098633,81,success,
scp54.txt,200,2000,40,121,80.0,93.95,bb,best_first,both,trivial,67.0,0.004942893981933594,49,success,
scp55.txt,200,2000,40,121,80.0,93.95,greedy,N/A,N/A,N/A,60.0,0.0009090900421142578,1,success,
scp55.txt,200,2000,40,121,80.0,93.95,bb,dfs,sum_degree,greedy,54.0,0.04159045219421387,487,success,
scp55.txt,200,2000,40,121,80.0,93.95,bb,dfs,packing,greedy,54.0,0.006814002990722656,91,success,
scp55.txt,200,2000,40,121,80.0,93.95,bb,dfs,both,greedy,54.0,0.01518702507019043,91,success,
scp55.txt,200,2000,40,121,80.0,93.95,bb,dfs,sum_degree,trivial,54.0,0.028944730758666992,487,success,
scp55.txt,200,2000,40,121,80.0,93.95,bb,dfs,packing,trivial,54.0,0.00875091552734375,91,success,
scp55.txt,200,2000,40,121,80.0,93.95,bb,dfs,both,trivial,54.0,0.03180384635925293,91,success,
scp55.txt,200,2000,40,121,80.0,93.95,bb,best_first,sum_degree,greedy,54.0,0.08179974555969238,1536,success,
scp55.txt,200,2000,40,121,80.0,93.95,bb,best_first,packing,greedy,54.0,0.05730867385864258,1410,success,
scp55.txt,200,2000,40,121,80.0,93.95,bb,best_first,both,greedy,54.0,0.08115029335021973,1220,success,
scp55.txt,200,2000,40,121,80.0,93.95,bb,best_first,sum_degree,trivial,54.0,0.07764387130737305,1556,success,
scp55.txt,200,2000,40,121,80.0,93.95,bb,best_first,packing,trivial,54.0,0.06143474578857422,1456,success,
scp55.txt,200,2000,40,121,80.0,93.95,bb,best_first,both,trivial,54.0,0.04536128044128418,1252,success,
scp56.txt,200,2000,40,124,80.0,93.8,greedy,N/A,N/A,N/A,86.0,0.0012006759643554688,1,success,
scp56.txt,200,2000,40,124,80.0,93.8,bb,dfs,sum_degree,greedy,84.0,0.02181243896484375,249,success,
scp56.txt,200,2000,40,124,80.0,93.8,bb,dfs,packing,greedy,84.0,0.07799196243286133,2423,success,
scp56.txt,200,2000,40,124,80.0,93.8,bb,dfs,both,greedy,84.0,0.03511929512023926,249,success,
scp56.txt,200,2000,40,124,80.0,93.8,bb,dfs,sum_degree,trivial,84.0,0.030284404754638672,253,success,
scp56.txt,200,2000,40,124,80.0,93.8,bb,dfs,packing,trivial,84.0,0.0769188404083252,2427,success,
scp56.txt,200,2000,40,124,80.0,93.8,bb,dfs,both,trivial,84.0,0.0330049991607666,253,success,
scp56.txt,200,2000,40,124,80.0,93.8,bb,best_first,sum_degree,greedy,84.0,0.023169755935668945,181,success,
scp56.txt,200,2000,40,124,80.0,93.8,bb,best_first,packing,greedy,84.0,0.09613895416259766,1497,success,
scp56.txt,200,2000,40,124,80.0,93.8,bb,best_first,both,greedy,84.0,0.03129887580871582,181,success,
scp56.txt,200,2000,40,124,80.0,93.8,bb,best_first,sum_degree,trivial,84.0,0.016684293746948242,264,success,
scp56.txt,200,2000,40,124,80.0,93.8,bb,best_first,packing,trivial,84.0,0.09384632110595703,3164,success,
scp56.txt,200,2000,40,124,80.0,93.8,bb,best_first,both,trivial,84.0,0.030745267868041992,264,success,
scp57.txt,200,2000,40,123,80.0,93.85,greedy,N/A,N/A,N/A,99.0,0.0014383792877197266,1,success,
scp57.txt,200,2000,40,123,80.0,93.85,bb,dfs,sum_degree,greedy,98.0,0.011814117431640625,92,success,
scp57.txt,200,2000,40,123,80.0,93.85,bb,dfs,packing,greedy,98.0,0.02207779884338379,205,success,
scp57.txt,200,2000,40,123,80.0,93.85,bb,dfs,both,greedy,98.0,0.01928853988647461,86,success,
scp57.txt,200,2000,40,123,80.0,93.85,bb,dfs,sum_degree,trivial,98.0,0.01210784912109375,108,success,
scp57.txt,200,2000,40,123,80.0,93.85,bb,dfs,packing,trivial,98.0,0.01920342445373535,221,success,
scp57.txt,200,2000,40,123,80.0,93.85,bb,dfs,both,trivial,98.0,0.018171310424804688,102,success,
scp57.txt,200,2000,40,123,80.0,93.85,bb,best_first,sum_degree,greedy,98.0,0.015999794006347656,58,success,
scp57.txt,200,2000,40,123,80.0,93.85,bb,best_first,packing,greedy,98.0,0.02485489845275879,130,success,
scp57.txt,200,2000,40,123,80.0,93.85,bb,best_first,both,greedy,98.0,0.01663970947265625,55,success,
scp57.txt,200,2000,40,123,80.0,93.85,bb,best_first,sum_degree,trivial,98.0,0.009959936141967773,100,success,
scp57.txt,200,2000,40,123,80.0,93.85,bb,best_first,packing,trivial,98.0,0.016303300857543945,262,success,
scp57.txt,200,2000,40,123,80.0,93.85,bb,best_first,both,trivial,98.0,0.010307788848876953,94,success,
scp58.txt,200,2000,40,123,80.0,93.85,greedy,N/A,N/A,N/A,97.0,0.0008518695831298828,1,success,
scp58.txt,200,2000,40,123,80.0,93.85,bb,dfs,sum_degree,greedy,94.0,0.011261940002441406,124,success,
scp58.txt,200,2000,40,123,80.0,93.85,bb,dfs,packing,greedy,94.0,0.018501758575439453,322,success,
scp58.txt,200,2000,40,123,80.0,93.85,bb,dfs,both,greedy,94.0,0.01213383674621582,124,success,
scp58.txt,200,2000,40,123,80.0,93.85,bb,dfs,sum_degree,trivial,94.0,0.009803056716918945,124,success,
scp58.txt,200,2000,40,123,80.0,93.85,bb,dfs,packing,trivial,94.0,0.018108367919921875,322,success,
scp58.txt,200,2000,40,123,80.0,93.85,bb,dfs,both,trivial,94.0,0.015398979187011719,124,success,
scp58.txt,200,2000,40,123,80.0,93.85,bb,best_first,sum_degree,greedy,94.0,0.01617741584777832,106,success,
scp58.txt,200,2000,40,123,80.0,93.85,bb,best_first,packing,greedy,94.0,0.02489304542541504,238,success,
scp58.txt,200,2000,40,123,80.0,93.85,bb,best_first,both,greedy,94.0,0.01709127426147461,106,success,
scp58.txt,200,2000,40,123,80.0,93.85,bb,best_first,sum_degree,trivial,94.0,0.008749961853027344,141,success,
scp58.txt,200,2000,40,123,80.0,93.85,bb,best_first,packing,trivial,94.0,0.020334243774414062,403,success,
scp58.txt,200,2000,40,123,80.0,93.85,bb,best_first,both,trivial,94.0,0.01371622085571289,141,success,
scp59.txt,200,2000,40,122,80.0,93.9,greedy,N/A,N/A,N/A,84.0,0.0017435550689697266,1,success,
scp59.txt,200,2000,40,122,80.0,93.9,bb,dfs,sum_degree,greedy,73.0,0.008878707885742188,34,success,
scp59.txt,200,2000,40,122,80.0,93.9,bb,dfs,packing,greedy,73.0,0.0076329708099365234,46,success,
scp59.txt,200,2000,40,122,80.0,93.9,bb,dfs,both,greedy,73.0,0.009337663650512695,34,success,
scp59.txt,200,2000,40,122,80.0,93.9,bb,dfs,sum_degree,trivial,73.0,0.0053691864013671875,34,success,
scp59.txt,200,2000,40,122,80.0,93.9,bb,dfs,packing,trivial,73.0,0.0054509639739990234,46,success,
scp59.txt,200,2000,40,122,80.0,93.9,bb,dfs,both,trivial,73.0,0.007635831832885742,34,success,
scp59.txt,200,2000,40,122,80.0,93.9,bb,best_first,sum_degree,greedy,73.0,0.00742650032043457,34,success,
scp59.txt,200,2000,40,122,80.0,93.9,bb,best_first,packing,greedy,73.0,0.006106853485107422,69,success,
scp59.txt,200,2000,40,122,80.0,93.9,bb,best_first,both,greedy,73.0,0.0051496028900146484,34,success,
scp59.txt,200,2000,40,122,80.0,93.9,bb,best_first,sum_degree,trivial,73.0,0.00269317626953125,34,success,
scp59.txt,200,2000,40,122,80.0,93.9,bb,best_first,packing,trivial,73.0,0.004255056381225586,69,success,
scp59.txt,200,2000,40,122,80.0,93.9,bb,best_first,both,trivial,73.0,0.004499197006225586,34,success,
scp61.txt,200,1000,40,120,80.0,88.0,greedy,N/A,N/A,N/A,66.0,0.0008869171142578125,1,success,
scp61.txt,200,1000,40,120,80.0,88.0,bb,dfs,sum_degree,greedy,58.0,0.94085693359375,6507,success,
scp61.txt,200,1000,40,120,80.0,88.0,bb,dfs,packing,greedy,58.0,1.4799792766571045,13781,success,
scp61.txt,200,1000,40,120,80.0,88.0,bb,dfs,both,greedy,58.0,1.1817638874053955,4640,success,
scp61.txt,200,1000,40,120,80.0,88.0,bb,dfs,sum_degree,trivial,58.0,1.1562221050262451,6536,success,
scp61.txt,200,1000,40,120,80.0,88.0,bb,dfs,packing,trivial,58.0,1.558790922164917,13883,success,
scp61.txt,200,1000,40,120,80.0,88.0,bb,dfs,both,trivial,58.0,1.1946356296539307,4669,success,
scp61.txt,200,1000,40,120,80.0,88.0,bb,best_first,sum_degree,greedy,58.0,0.9668416976928711,5205,success,
scp61.txt,200,1000,40,120,80.0,88.0,bb,best_first,packing,greedy,58.0,2.0474226474761963,13365,success,
scp61.txt,200,1000,40,120,80.0,88.0,bb,best_first,both,greedy,58.0,1.337493896484375,4019,success,
scp61.txt,200,1000,40,120,80.0,88.0,bb,best_first,sum_degree,trivial,58.0,1.2216160297393799,5863,success,
scp61.txt,200,1000,40,120,80.0,88.0,bb,best_first,packing,trivial,58.0,1.6259808540344238,17670,success,
scp61.txt,200,1000,40,120,80.0,88.0,bb,best_first,both,trivial,58.0,1.3464441299438477,4695,success,
scp62.txt,200,1000,40,120,80.0,88.0,greedy,N/A,N/A,N/A,59.0,0.0013041496276855469,1,success,
scp62.txt,200,1000,40,120,80.0,88.0,bb,dfs,sum_degree,greedy,55.0,0.29264163970947266,2501,success,
scp62.txt,200,1000,40,120,80.0,88.0,bb,dfs,packing,greedy,55.0,0.7579250335693359,11897,success,
scp62.txt,200,1000,40,120,80.0,88.0,bb,dfs,both,greedy,55.0,0.38207125663757324,2125,success,
scp62.txt,200,1000,40,120,80.0,88.0,bb,dfs,sum_degree,trivial,55.0,0.2901923656463623,2578,success,
scp62.txt,200,1000,40,120,80.0,88.0,bb,dfs,packing,trivial,55.0,0.7976014614105225,12164,success,
scp62.txt,200,1000,40,120,80.0,88.0,bb,dfs,both,trivial,55.0,0.47033190727233887,2202,success,
scp62.txt,200,1000,40,120,80.0,88.0,bb,best_first,sum_degree,greedy,55.0,0.25250887870788574,1196,success,
scp62.txt,200,1000,40,120,80.0,88.0,bb,best_first,packing,greedy,55.0,0.8928658962249756,6049,success,
scp62.txt,200,1000,40,120,80.0,88.0,bb,best_first,both,greedy,55.0,0.4147350788116455,1047,success,
scp62.txt,200,1000,40,120,80.0,88.0,bb,best_first,sum_degree,trivial,55.0,0.31180524826049805,2005,success,
scp62.txt,200,1000,40,120,80.0,88.0,bb,best_first,packing,trivial,55.0,0.8538484573364258,14117,success,
scp62.txt,200,1000,40,120,80.0,88.0,bb,best_first,both,trivial,55.0,0.2880127429962158,1821,success,
scp63.txt,200,1000,40,121,80.0,87.9,greedy,N/A,N/A,N/A,76.0,0.0013120174407958984,1,success,
scp63.txt,200,1000,40,121,80.0,87.9,bb,dfs,sum_degree,greedy,71.0,0.7609624862670898,5009,success,
scp63.txt,200,1000,40,121,80.0,87.9,bb,dfs,packing,greedy,71.0,1.788755178451538,12808,success,
scp63.txt,200,1000,40,121,80.0,87.9,bb,dfs,both,greedy,71.0,1.3467590808868408,4284,success,
scp63.txt,200,1000,40,121,80.0,87.9,bb,dfs,sum_degree,trivial,71.0,0.7873561382293701,5019,success,
scp63.txt,200,1000,40,121,80.0,87.9,bb,dfs,packing,trivial,71.0,2.0394489765167236,12873,success,
scp63.txt,200,1000,40,121,80.0,87.9,bb,dfs,both,trivial,71.0,1.202782392501831,4294,success,
scp63.txt,200,1000,40,121,80.0,87.9,bb,best_first,sum_degree,greedy,71.0,0.7586956024169922,2596,success,
scp63.txt,200,1000,40,121,80.0,87.9,bb,best_first,packing,greedy,71.0,2.3110721111297607,7657,success,
scp63.txt,200,1000,40,121,80.0,87.9,bb,best_first,both,greedy,71.0,1.4066083431243896,2274,success,
scp63.txt,200,1000,40,121,80.0,87.9,bb,best_first,sum_degree,trivial,71.0,1.0860073566436768,3766,success,
scp63.txt,200,1000,40,121,80.0,87.9,bb,best_first,packing,trivial,71.0,2.103264570236206,14996,success,
scp63.txt,200,1000,40,121,80.0,87.9,bb,best_first,both,trivial,71.0,1.1864924430847168,3435,success,
scp64.txt,200,1000,40,121,80.0,87.9,greedy,N/A,N/A,N/A,60.0,0.0015344619750976562,1,success,
scp64.txt,200,1000,40,121,80.0,87.9,bb,dfs,sum_degree,greedy,54.0,0.13268256187438965,1085,success,
scp64.txt,200,1000,40,121,80.0,87.9,bb,dfs,packing,greedy,54.0,0.4984130859375,4911,success,
scp64.txt,200,1000,40,121,80.0,87.9,bb,dfs,both,greedy,54.0,0.2404172420501709,1015,success,
scp64.txt,200,1000,40,121,80.0,87.9,bb,dfs,sum_degree,trivial,54.0,0.0806875228881836,1085,success,
scp64.txt,200,1000,40,121,80.0,87.9,bb,dfs,packing,trivial,54.0,0.5105605125427246,4911,success,
scp64.txt,200,1000,40,121,80.0,87.9,bb,dfs,both,trivial,54.0,0.23020076751708984,1015,success,
scp64.txt,200,1000,40,121,80.0,87.9,bb,best_first,sum_degree,greedy,54.0,0.13778281211853027,803,success,
scp64.txt,200,1000,40,121,80.0,87.9,bb,best_first,packing,greedy,54.0,0.5590949058532715,4244,success,
scp64.txt,200,1000,40,121,80.0,87.9,bb,best_first,both,greedy,54.0,0.2370915412902832,786,success,
scp64.txt,200,1000,40,121,80.0,87.9,bb,best_first,sum_degree,trivial,54.0,0.13480210304260254,1027,success,
scp64.txt,200,1000,40,121,80.0,87.9,bb,best_first,packing,trivial,54.0,0.5242376327514648,6570,success,
scp64.txt,200,1000,40,121,80.0,87.9,bb,best_first,both,trivial,54.0,0.19008111953735352,1002,success,
scp65.txt,200,1000,40,120,80.0,88.0,greedy,N/A,N/A,N/A,51.0,0.0029015541076660156,1,success,
scp65.txt,200,1000,40,120,80.0,88.0,bb,dfs,sum_degree,greedy,50.0,0.562840461730957,3238,success,
scp65.txt,200,1000,40,120,80.0,88.0,bb,dfs,packing,greedy,50.0,1.1061129570007324,9178,success,
scp65.txt,200,1000,40,120,80.0,88.0,bb,dfs,both,greedy,50.0,0.9374680519104004,3118,success,
scp65.txt,200,1000,40,120,80.0,88.0,bb,dfs,sum_degree,trivial,50.0,1.0316433906555176,6953,success,
scp65.txt,200,1000,40,120,80.0,88.0,bb,dfs,packing,trivial,50.0,2.420958995819092,25358,success,
scp65.txt,200,1000,40,120,80.0,88.0,bb,dfs,both,trivial,50.0,1.9191455841064453,6833,success,
scp65.txt,200,1000,40,120,80.0,88.0,bb,best_first,sum_degree,greedy,50.0,0.5089497566223145,1021,success,
scp65.txt,200,1000,40,120,80.0,88.0,bb,best_first,packing,greedy,50.0,1.4624593257904053,3025,success,
scp65.txt,200,1000,40,120,80.0,88.0,bb,best_first,both,greedy,50.0,1.1490397453308105,987,success,
scp65.txt,200,1000,40,120,80.0,88.0,bb,best_first,sum_degree,trivial,50.0,0.7508401870727539,3276,success,
scp65.txt,200,1000,40,120,80.0,88.0,bb,best_first,packing,trivial,50.0,1.6121830940246582,13243,success,
scp65.txt,200,1000,40,120,80.0,88.0,bb,best_first,both,trivial,50.0,1.0575077533721924,3218,success,
scpa1.txt,300,3000,50,153,83.33333333333334,94.89999999999999,greedy,N/A,N/A,N/A,103.0,0.0035691261291503906,1,success,
scpa1.txt,300,3000,50,153,83.33333333333334,94.89999999999999,bb,dfs,sum_degree,greedy,89.0,0.02190375328063965,114,success,
scpa1.txt,300,3000,50,153,83.33333333333334,94.89999999999999,bb,dfs,packing,greedy,89.0,0.0174713134765625,97,success,
scpa1.txt,300,3000,50,153,83.33333333333334,94.89999999999999,bb,dfs,both,greedy,89.0,0.02579355239868164,77,success,
scpa1.txt,300,3000,50,153,83.33333333333334,94.89999999999999,bb,dfs,sum_degree,trivial,89.0,0.01829385757446289,114,success,
scpa1.txt,300,3000,50,153,83.33333333333334,94.89999999999999,bb,dfs,packing,trivial,89.0,0.014997243881225586,97,success,
scpa1.txt,300,3000,50,153,83.33333333333334,94.89999999999999,bb,dfs,both,trivial,89.0,0.02229928970336914,77,success,
scpa1.txt,300,3000,50,153,83.33333333333334,94.89999999999999,bb,best_first,sum_degree,greedy,89.0,0.02313542366027832,119,success,
scpa1.txt,300,3000,50,153,83.33333333333334,94.89999999999999,bb,best_first,packing,greedy,89.0,0.02701592445373535,209,success,
scpa1.txt,300,3000,50,153,83.33333333333334,94.89999999999999,bb,best_first,both,greedy,89.0,0.025875568389892578,108,success,
scpa1.txt,300,3000,50,153,83.33333333333334,94.89999999999999,bb,best_first,sum_degree,trivial,89.0,0.017536401748657227,119,success,
scpa1.txt,300,3000,50,153,83.33333333333334,94.89999999999999,bb,best_first,packing,trivial,89.0,0.0168154239654541,209,success,
scpa1.txt,300,3000,50,153,83.33333333333334,94.89999999999999,bb,best_first,both,trivial,89.0,0.01835465431213379,108,success,
scpa2.txt,300,3000,50,152,83.33333333333334,94.93333333333334,greedy,N/A,N/A,N/A,90.0,0.0026230812072753906,1,success,
scpa2.txt,300,3000,50,152,83.33333333333334,94.93333333333334,bb,dfs,sum_degree,greedy,78.0,0.01798272132873535,129,success,
scpa2.txt,300,3000,50,152,83.33333333333334,94.93333333333334,bb,dfs,packing,greedy,78.0,0.04126453399658203,416,success,
scpa2.txt,300,3000,50,152,83.33333333333334,94.93333333333334,bb,dfs,both,greedy,78.0,0.02761244773864746,129,success,
scpa2.txt,300,3000,50,152,83.33333333333334,94.93333333333334,bb,dfs,sum_degree,trivial,78.0,0.01693439483642578,129,success,
scpa2.txt,300,3000,50,152,83.33333333333334,94.93333333333334,bb,dfs,packing,trivial,78.0,0.0337679386138916,416,success,
scpa2.txt,300,3000,50,152,83.33333333333334,94.93333333333334,bb,dfs,both,trivial,78.0,0.025440692901611328,129,success,
scpa2.txt,300,3000,50,152,83.33333333333334,94.93333333333334,bb,best_first,sum_degree,greedy,78.0,0.022182703018188477,197,success,
scpa2.txt,300,3000,50,152,83.33333333333334,94.93333333333334,bb,best_first,packing,greedy,78.0,0.07826900482177734,837,success,
scpa2.txt,300,3000,50,152,83.33333333333334,94.93333333333334,bb,best_first,both,greedy,78.0,0.038758277893066406,197,success,
scpa2.txt,300,3000,50,152,83.33333333333334,94.93333333333334,bb,best_first,sum_degree,trivial,78.0,0.02350616455078125,197,success,
scpa2.txt,300,3000,50,152,83.33333333333334,94.93333333333334,bb,best_first,packing,trivial,78.0,0.07086515426635742,837,success,
scpa2.txt,300,3000,50,152,83.33333333333334,94.93333333333334,bb,best_first,both,trivial,78.0,0.03239107131958008,197,success,
scpa3.txt,300,3000,50,154,83.33333333333334,94.86666666666666,greedy,N/A,N/A,N/A,92.0,0.004296302795410156,1,success,
scpa3.txt,300,3000,50,154,83.33333333333334,94.86666666666666,bb,dfs,sum_degree,greedy,83.0,0.040177106857299805,230,success,
scpa3.txt,300,3000,50,154,83.33333333333334,94.86666666666666,bb,dfs,packing,greedy,83.0,0.0775916576385498,924,success,
scpa3.txt,300,3000,50,154,83.33333333333334,94.86666666666666,bb,dfs,both,greedy,83.0,0.036003828048706055,221,success,
scpa3.txt,300,3000,50,154,83.33333333333334,94.86666666666666,bb,dfs,sum_degree,trivial,83.0,0.03500866889953613,230,success,
scpa3.txt,300,3000,50,154,83.33333333333334,94.86666666666666,bb,dfs,packing,trivial,83.0,0.05776858329772949,924,success,
scpa3.txt,300,3000,50,154,83.33333333333334,94.86666666666666,bb,dfs,both,trivial,83.0,0.028343677520751953,221,success,
scpa3.txt,300,3000,50,154,83.33333333333334,94.86666666666666,bb,best_first,sum_degree,greedy,83.0,0.01327371597290039,166,success,
scpa3.txt,300,3000,50,154,83.33333333333334,94.86666666666666,bb,best_first,packing,greedy,83.0,0.05830216407775879,702,success,
scpa3.txt,300,3000,50,154,83.33333333333334,94.86666666666666,bb,best_first,both,greedy,83.0,0.019697189331054688,163,success,
scpa3.txt,300,3000,50,154,83.33333333333334,94.86666666666666,bb,best_first,sum_degree,trivial,83.0,0.01384592056274414,166,success,
scpa3.txt,300,3000,50,154,83.33333333333334,94.86666666666666,bb,best_first,packing,trivial,83.0,0.04224419593811035,702,success,
scpa3.txt,300,3000,50,154,83.33333333333334,94.86666666666666,bb,best_first,both,trivial,83.0,0.01944112777709961,163,success,
scpa4.txt,300,3000,50,151,83.33333333333334,94.96666666666667,greedy,N/A,N/A,N/A,75.0,0.002871990203857422,1,success,
scpa4.txt,300,3000,50,151,83.33333333333334,94.96666666666667,bb,dfs,sum_degree,greedy,69.0,0.2510712146759033,2221,success,
scpa4.txt,300,3000,50,151,83.33333333333334,94.96666666666667,bb,dfs,packing,greedy,69.0,0.7094440460205078,7265,success,
scpa4.txt,300,3000,50,151,83.33333333333334,94.96666666666667,bb,dfs,both,greedy,69.0,0.5520291328430176,1883,success,
scpa4.txt,300,3000,50,151,83.33333333333334,94.96666666666667,bb,dfs,sum_degree,trivial,69.0,0.24013614654541016,2221,success,
scpa4.txt,300,3000,50,151,83.33333333333334,94.96666666666667,bb,dfs,packing,trivial,69.0,0.7765257358551025,7265,success,
scpa4.txt,300,3000,50,151,83.33333333333334,94.96666666666667,bb,dfs,both,trivial,69.0,0.5080645084381104,1883,success,
scpa4.txt,300,3000,50,151,83.33333333333334,94.96666666666667,bb,best_first,sum_degree,greedy,69.0,0.3419172763824463,2515,success,
scpa4.txt,300,3000,50,151,83.33333333333334,94.96666666666667,bb,best_first,packing,greedy,69.0,0.9665939807891846,11648,success,
scpa4.txt,300,3000,50,151,83.33333333333334,94.96666666666667,bb,best_first,both,greedy,69.0,0.47798776626586914,2215,success,
scpa4.txt,300,3000,50,151,83.33333333333334,94.96666666666667,bb,best_first,sum_degree,trivial,69.0,0.3155710697174072,2539,success,
scpa4.txt,300,3000,50,151,83.33333333333334,94.96666666666667,bb,best_first,packing,trivial,69.0,0.8761541843414307,13463,success,
scpa4.txt,300,3000,50,151,83.33333333333334,94.96666666666667,bb,best_first,both,trivial,69.0,0.30142831802368164,2259,success,
scpa5.txt,300,3000,50,153,83.33333333333334,94.89999999999999,greedy,N/A,N/A,N/A,84.0,0.0019621849060058594,1,success,
scpa5.txt,300,3000,50,153,83.33333333333334,94.89999999999999,bb,dfs,sum_degree,greedy,77.0,0.06661605834960938,566,success,
scpa5.txt,300,3000,50,153,83.33333333333334,94.89999999999999,bb,dfs,packing,greedy,77.0,0.2452836036682129,5392,success,
scpa5.txt,300,3000,50,153,83.33333333333334,94.89999999999999,bb,dfs,both,greedy,77.0,0.09067749977111816,408,success,
scpa5.txt,300,3000,50,153,83.33333333333334,94.89999999999999,bb,dfs,sum_degree,trivial,77.0,0.0682826042175293,566,success,
scpa5.txt,300,3000,50,153,83.33333333333334,94.89999999999999,bb,dfs,packing,trivial,77.0,0.23388147354125977,5392,success,
scpa5.txt,300,3000,50,153,83.33333333333334,94.89999999999999,bb,dfs,both,trivial,77.0,0.08598494529724121,408,success,
scpa5.txt,300,3000,50,153,83.33333333333334,94.89999999999999,bb,best_first,sum_degree,greedy,77.0,0.14469170570373535,2265,success,
scpa5.txt,300,3000,50,153,83.33333333333334,94.89999999999999,bb,best_first,packing,greedy,77.0,0.4559743404388428,8447,success,
scpa5.txt,300,3000,50,153,83.33333333333334,94.89999999999999,bb,best_first,both,greedy,77.0,0.22394967079162598,2203,success,
scpa5.txt,300,3000,50,153,83.33333333333334,94.89999999999999,bb,best_first,sum_degree,trivial,77.0,0.144789457321167,2267,success,
scpa5.txt,300,3000,50,153,83.33333333333334,94.89999999999999,bb,best_first,packing,trivial,77.0,0.5262160301208496,8463,success,
scpa5.txt,300,3000,50,153,83.33333333333334,94.89999999999999,bb,best_first,both,trivial,77.0,0.234588623046875,2215,success,
scpb1.txt,300,3000,50,150,83.33333333333334,95.0,greedy,N/A,N/A,N/A,35.0,0.0018284320831298828,1,success,
scpb1.txt,300,3000,50,150,83.33333333333334,95.0,bb,dfs,sum_degree,greedy,31.0,3.3896450996398926,9668,success,
scpb1.txt,300,3000,50,150,83.33333333333334,95.0,bb,dfs,packing,greedy,31.0,12.50932502746582,65646,success,
scpb1.txt,300,3000,50,150,83.33333333333334,95.0,bb,dfs,both,greedy,31.0,6.314062595367432,9383,success,
scpb1.txt,300,3000,50,150,83.33333333333334,95.0,bb,dfs,sum_degree,trivial,31.0,3.9196810722351074,9668,success,
scpb1.txt,300,3000,50,150,83.33333333333334,95.0,bb,dfs,packing,trivial,31.0,13.784331321716309,65646,success,
scpb1.txt,300,3000,50,150,83.33333333333334,95.0,bb,dfs,both,trivial,31.0,6.4812023639678955,9383,success,
scpb1.txt,300,3000,50,150,83.33333333333334,95.0,bb,best_first,sum_degree,greedy,31.0,4.352347373962402,8698,success,
scpb1.txt,300,3000,50,150,83.33333333333334,95.0,bb,best_first,packing,greedy,35.0,15.08823037147522,14519,timeout,
scpb1.txt,300,3000,50,150,83.33333333333334,95.0,bb,best_first,both,greedy,31.0,6.526387453079224,8519,success,
scpb1.txt,300,3000,50,150,83.33333333333334,95.0,bb,best_first,sum_degree,trivial,31.0,3.8953211307525635,10381,success,
scpb1.txt,300,3000,50,150,83.33333333333334,95.0,bb,best_first,packing,trivial,457.0,10.888286590576172,11953,success,
scpb1.txt,300,3000,50,150,83.33333333333334,95.0,bb,best_first,both,trivial,31.0,4.622342824935913,10353,success,
scpb2.txt,300,3000,50,150,83.33333333333334,95.0,greedy,N/A,N/A,N/A,25.0,0.0009903907775878906,1,success,
scpb2.txt,300,3000,50,150,83.33333333333334,95.0,bb,dfs,sum_degree,greedy,24.0,15.001888275146484,34291,timeout,
scpb2.txt,300,3000,50,150,83.33333333333334,95.0,bb,dfs,packing,greedy,24.0,15.001537561416626,71062,timeout,
scpb2.txt,300,3000,50,150,83.33333333333334,95.0,bb,dfs,both,greedy,24.0,15.002265214920044,20075,timeout,
scpb2.txt,300,3000,50,150,83.33333333333334,95.0,bb,dfs,sum_degree,trivial,24.0,15.000517845153809,31347,timeout,
scpb2.txt,300,3000,50,150,83.33333333333334,95.0,bb,dfs,packing,trivial,24.0,15.000880479812622,69412,timeout,
scpb2.txt,300,3000,50,150,83.33333333333334,95.0,bb,dfs,both,trivial,24.0,15.000836849212646,21129,timeout,
scpb2.txt,300,3000,50,150,83.33333333333334,95.0,bb,best_first,sum_degree,greedy,25.0,15.047332286834717,4768,timeout,
scpb2.txt,300,3000,50,150,83.33333333333334,95.0,bb,best_first,packing,greedy,25.0,15.11437702178955,6785,timeout,
scpb2.txt,300,3000,50,150,83.33333333333334,95.0,bb,best_first,both,greedy,25.0,15.05199146270752,3667,timeout,
scpb2.txt,300,3000,50,150,83.33333333333334,95.0,bb,best_first,sum_degree,trivial,447.0,15.161505699157715,6097,timeout,
scpb2.txt,300,3000,50,150,83.33333333333334,95.0,bb,best_first,packing,trivial,447.0,15.198713779449463,8308,timeout,
scpb2.txt,300,3000,50,150,83.33333333333334,95.0,bb,best_first,both,trivial,447.0,15.098258018493652,3705,timeout,
scpb3.txt,300,3000,50,150,83.33333333333334,95.0,greedy,N/A,N/A,N/A,32.0,0.0068089962005615234,1,success,
scpb3.txt,300,3000,50,150,83.33333333333334,95.0,bb,dfs,sum_degree,greedy,27.0,2.82062029838562,4891,success,
scpb3.txt,300,3000,50,150,83.33333333333334,95.0,bb,dfs,packing,greedy,27.0,14.418978929519653,53129,success,
scpb3.txt,300,3000,50,150,83.33333333333334,95.0,bb,dfs,both,greedy,27.0,4.211803197860718,4708,success,
scpb3.txt,300,3000,50,150,83.33333333333334,95.0,bb,dfs,sum_degree,trivial,27.0,3.31384539604187,4891,success,
scpb3.txt,300,3000,50,150,83.33333333333334,95.0,bb,dfs,packing,trivial,27.0,13.445053815841675,53129,success,
scpb3.txt,300,3000,50,150,83.33333333333334,95.0,bb,dfs,both,trivial,27.0,5.7637269496917725,4708,success,
scpb3.txt,300,3000,50,150,83.33333333333334,95.0,bb,best_first,sum_degree,greedy,27.0,3.122370958328247,3927,success,
scpb3.txt,300,3000,50,150,83.33333333333334,95.0,bb,best_first,packing,greedy,32.0,15.137067794799805,9135,timeout,
scpb3.txt,300,3000,50,150,83.33333333333334,95.0,bb,best_first,both,greedy,27.0,4.069129943847656,3841,success,
scpb3.txt,300,3000,50,150,83.33333333333334,95.0,bb,best_first,sum_degree,trivial,27.0,2.522599220275879,4169,success,
scpb3.txt,300,3000,50,150,83.33333333333334,95.0,bb,best_first,packing,trivial,479.0,15.166330099105835,9630,timeout,
scpb3.txt,300,3000,50,150,83.33333333333334,95.0,bb,best_first,both,trivial,27.0,3.7645621299743652,4109,success,
scpb4.txt,300,3000,50,150,83.33333333333334,95.0,greedy,N/A,N/A,N/A,31.0,0.002997159957885742,1,success,
scpb4.txt,300,3000,50,150,83.33333333333334,95.0,bb,dfs,sum_degree,greedy,29.0,15.005151748657227,30409,timeout,
scpb4.txt,300,3000,50,150,83.33333333333334,95.0,bb,dfs,packing,greedy,29.0,15.003937482833862,67459,timeout,
scpb4.txt,300,3000,50,150,83.33333333333334,95.0,bb,dfs,both,greedy,29.0,15.004848957061768,18213,timeout,
scpb4.txt,300,3000,50,150,83.33333333333334,95.0,bb,dfs,sum_degree,trivial,29.0,15.000919103622437,33264,timeout,
scpb4.txt,300,3000,50,150,83.33333333333334,95.0,bb,dfs,packing,trivial,29.0,15.000775575637817,65132,timeout,
scpb4.txt,300,3000,50,150,83.33333333333334,95.0,bb,dfs,both,trivial,29.0,15.00077199935913,17091,timeout,
scpb4.txt,300,3000,50,150,83.33333333333334,95.0,bb,best_first,sum_degree,greedy,31.0,15.113346815109253,4774,timeout,
scpb4.txt,300,3000,50,150,83.33333333333334,95.0,bb,best_first,packing,greedy,31.0,15.122320652008057,5475,timeout,
scpb4.txt,300,3000,50,150,83.33333333333334,95.0,bb,best_first,both,greedy,31.0,15.073324203491211,4884,timeout,
scpb4.txt,300,3000,50,150,83.33333333333334,95.0,bb,best_first,sum_degree,trivial,459.0,15.139525890350342,8282,timeout,
scpb4.txt,300,3000,50,150,83.33333333333334,95.0,bb,best_first,packing,trivial,459.0,15.149473667144775,9212,timeout,
scpb4.txt,300,3000,50,150,83.33333333333334,95.0,bb,best_first,both,trivial,459.0,15.08179759979248,4461,timeout,
scpb5.txt,300,3000,50,150,83.33333333333334,95.0,greedy,N/A,N/A,N/A,31.0,0.0030210018157958984,1,success,
scpb5.txt,300,3000,50,150,83.33333333333334,95.0,bb,dfs,sum_degree,greedy,29.0,15.003418445587158,49421,timeout,
scpb5.txt,300,3000,50,150,83.33333333333334,95.0,bb,dfs,packing,greedy,30.0,15.003769636154175,116479,timeout,
scpb5.txt,300,3000,50,150,83.33333333333334,95.0,bb,dfs,both,greedy,30.0,15.00637435913086,31979,timeout,
scpb5.txt,300,3000,50,150,83.33333333333334,95.0,bb,dfs,sum_degree,trivial,29.0,15.00060224533081,49861,timeout,
scpb5.txt,300,3000,50,150,83.33333333333334,95.0,bb,dfs,packing,trivial,30.0,15.000855922698975,117129,timeout,
scpb5.txt,300,3000,50,150,83.33333333333334,95.0,bb,dfs,both,trivial,30.0,15.00103235244751,31507,timeout,
scpb5.txt,300,3000,50,150,83.33333333333334,95.0,bb,best_first,sum_degree,greedy,29.0,8.688229084014893,12464,success,
scpb5.txt,300,3000,50,150,83.33333333333334,95.0,bb,best_first,packing,greedy,31.0,15.09453272819519,8404,timeout,
scpb5.txt,300,3000,50,150,83.33333333333334,95.0,bb,best_first,both,greedy,29.0,10.271055698394775,12437,success,
scpb5.txt,300,3000,50,150,83.33333333333334,95.0,bb,best_first,sum_degree,trivial,29.0,4.9660484790802,24484,success,
scpb5.txt,300,3000,50,150,83.33333333333334,95.0,bb,best_first,packing,trivial,445.0,12.404696941375732,11415,success,
scpb5.txt,300,3000,50,150,83.33333333333334,95.0,bb,best_first,both,trivial,29.0,8.876390218734741,24430,success,
scpc1.txt,400,4000,60,181,85.0,95.475,greedy,N/A,N/A,N/A,80.0,0.00507807731628418,1,success,
scpc1.txt,400,4000,60,181,85.0,95.475,bb,dfs,sum_degree,greedy,74.0,0.3177170753479004,2242,success,
scpc1.txt,400,4000,60,181,85.0,95.475,bb,dfs,packing,greedy,74.0,1.7047760486602783,15534,success,
scpc1.txt,400,4000,60,181,85.0,95.475,bb,dfs,both,greedy,74.0,0.45269775390625,1555,success,
scpc1.txt,400,4000,60,181,85.0,95.475,bb,dfs,sum_degree,trivial,74.0,0.331387996673584,2242,success,
scpc1.txt,400,4000,60,181,85.0,95.475,bb,dfs,packing,trivial,74.0,1.8137354850769043,15534,success,
scpc1.txt,400,4000,60,181,85.0,95.475,bb,dfs,both,trivial,74.0,0.6043145656585693,1555,success,
scpc1.txt,400,4000,60,181,85.0,95.475,bb,best_first,sum_degree,greedy,74.0,0.5334277153015137,3571,success,
scpc1.txt,400,4000,60,181,85.0,95.475,bb,best_first,packing,greedy,74.0,2.8934285640716553,22266,success,
scpc1.txt,400,4000,60,181,85.0,95.475,bb,best_first,both,greedy,74.0,0.7018907070159912,2924,success,
scpc1.txt,400,4000,60,181,85.0,95.475,bb,best_first,sum_degree,trivial,74.0,0.5933465957641602,3679,success,
scpc1.txt,400,4000,60,181,85.0,95.475,bb,best_first,packing,trivial,74.0,2.944228410720825,26282,success,
scpc1.txt,400,4000,60,181,85.0,95.475,bb,best_first,both,trivial,74.0,0.7430860996246338,3136,success,
scpc2.txt,400,4000,60,181,85.0,95.475,greedy,N/A,N/A,N/A,72.0,0.004526615142822266,1,success,
scpc2.txt,400,4000,60,181,85.0,95.475,bb,dfs,sum_degree,greedy,67.0,0.17620563507080078,725,success,
scpc2.txt,400,4000,60,181,85.0,95.475,bb,dfs,packing,greedy,67.0,0.19419407844543457,580,success,
scpc2.txt,400,4000,60,181,85.0,95.475,bb,dfs,both,greedy,67.0,0.15809226036071777,353,success,
scpc2.txt,400,4000,60,181,85.0,95.475,bb,dfs,sum_degree,trivial,67.0,0.18445873260498047,725,success,
scpc2.txt,400,4000,60,181,85.0,95.475,bb,dfs,packing,trivial,67.0,0.2597053050994873,580,success,
scpc2.txt,400,4000,60,181,85.0,95.475,bb,dfs,both,trivial,67.0,0.27875351905822754,353,success,
scpc2.txt,400,4000,60,181,85.0,95.475,bb,best_first,sum_degree,greedy,67.0,0.22223877906799316,852,success,
scpc2.txt,400,4000,60,181,85.0,95.475,bb,best_first,packing,greedy,67.0,0.37520456314086914,1868,success,
scpc2.txt,400,4000,60,181,85.0,95.475,bb,best_first,both,greedy,67.0,0.2624013423919678,628,success,
scpc2.txt,400,4000,60,181,85.0,95.475,bb,best_first,sum_degree,trivial,67.0,0.18379878997802734,897,success,
scpc2.txt,400,4000,60,181,85.0,95.475,bb,best_first,packing,trivial,67.0,0.30774617195129395,1998,success,
scpc2.txt,400,4000,60,181,85.0,95.475,bb,best_first,both,trivial,67.0,0.252551794052124,691,success,
scpc3.txt,400,4000,60,182,85.0,95.45,greedy,N/A,N/A,N/A,93.0,0.004014253616333008,1,success,
scpc3.txt,400,4000,60,182,85.0,95.45,bb,dfs,sum_degree,greedy,85.0,0.6947236061096191,2232,success,
scpc3.txt,400,4000,60,182,85.0,95.45,bb,dfs,packing,greedy,85.0,15.007277250289917,104036,timeout,
scpc3.txt,400,4000,60,182,85.0,95.45,bb,dfs,both,greedy,85.0,1.501828908920288,2232,success,
scpc3.txt,400,4000,60,182,85.0,95.45,bb,dfs,sum_degree,trivial,85.0,1.3469476699829102,2232,success,
scpc3.txt,400,4000,60,182,85.0,95.45,bb,dfs,packing,trivial,85.0,15.000823497772217,99858,timeout,
scpc3.txt,400,4000,60,182,85.0,95.45,bb,dfs,both,trivial,85.0,1.560187816619873,2232,success,
scpc3.txt,400,4000,60,182,85.0,95.45,bb,best_first,sum_degree,greedy,85.0,1.341568946838379,3335,success,
scpc3.txt,400,4000,60,182,85.0,95.45,bb,best_first,packing,greedy,93.0,15.189404010772705,20611,timeout,
scpc3.txt,400,4000,60,182,85.0,95.45,bb,best_first,both,greedy,85.0,2.1048943996429443,3335,success,
scpc3.txt,400,4000,60,182,85.0,95.45,bb,best_first,sum_degree,trivial,85.0,1.4097201824188232,3335,success,
scpc3.txt,400,4000,60,182,85.0,95.45,bb,best_first,packing,trivial,550.0,14.88306450843811,23448,success,
scpc3.txt,400,4000,60,182,85.0,95.45,bb,best_first,both,trivial,85.0,1.6229653358459473,3335,success,
scpc4.txt,400,4000,60,181,85.0,95.475,greedy,N/A,N/A,N/A,72.0,0.0052411556243896484,1,success,
scpc4.txt,400,4000,60,181,85.0,95.475,bb,dfs,sum_degree,greedy,69.0,0.1457674503326416,531,success,
scpc4.txt,400,4000,60,181,85.0,95.475,bb,dfs,packing,greedy,69.0,1.326636552810669,8880,success,
scpc4.txt,400,4000,60,181,85.0,95.475,bb,dfs,both,greedy,69.0,0.304715633392334,529,success,
scpc4.txt,400,4000,60,181,85.0,95.475,bb,dfs,sum_degree,trivial,69.0,0.15332913398742676,531,success,
scpc4.txt,400,4000,60,181,85.0,95.475,bb,dfs,packing,trivial,69.0,1.5311825275421143,8880,success,
scpc4.txt,400,4000,60,181,85.0,95.475,bb,dfs,both,trivial,69.0,0.28036046028137207,529,success,
scpc4.txt,400,4000,60,181,85.0,95.475,bb,best_first,sum_degree,greedy,69.0,0.7070639133453369,1157,success,
scpc4.txt,400,4000,60,181,85.0,95.475,bb,best_first,packing,greedy,69.0,2.5233163833618164,8402,success,
scpc4.txt,400,4000,60,181,85.0,95.475,bb,best_first,both,greedy,69.0,0.6734046936035156,1157,success,
scpc4.txt,400,4000,60,181,85.0,95.475,bb,best_first,sum_degree,trivial,69.0,0.37558865547180176,1775,success,
scpc4.txt,400,4000,60,181,85.0,95.475,bb,best_first,packing,trivial,69.0,2.8569281101226807,13773,success,
scpc4.txt,400,4000,60,181,85.0,95.475,bb,best_first,both,trivial,69.0,0.8345217704772949,1775,success,
scpc5.txt,400,4000,60,180,85.0,95.5,greedy,N/A,N/A,N/A,84.0,0.004946708679199219,1,success,
scpc5.txt,400,4000,60,180,85.0,95.5,bb,dfs,sum_degree,greedy,70.0,1.2589516639709473,3841,success,
scpc5.txt,400,4000,60,180,85.0,95.5,bb,dfs,packing,greedy,70.0,15.010080337524414,105463,timeout,
scpc5.txt,400,4000,60,180,85.0,95.5,bb,dfs,both,greedy,70.0,1.9192147254943848,3841,success,
scpc5.txt,400,4000,60,180,85.0,95.5,bb,dfs,sum_degree,trivial,70.0,1.3795719146728516,3841,success,
scpc5.txt,400,4000,60,180,85.0,95.5,bb,dfs,packing,trivial,70.0,15.000322818756104,105944,timeout,
scpc5.txt,400,4000,60,180,85.0,95.5,bb,dfs,both,trivial,70.0,2.304593801498413,3841,success,
scpc5.txt,400,4000,60,180,85.0,95.5,bb,best_first,sum_degree,greedy,70.0,0.8927814960479736,2086,success,
scpc5.txt,400,4000,60,180,85.0,95.5,bb,best_first,packing,greedy,84.0,15.104832649230957,20458,timeout,
scpc5.txt,400,4000,60,180,85.0,95.5,bb,best_first,both,greedy,70.0,1.4560692310333252,2086,success,
scpc5.txt,400,4000,60,180,85.0,95.5,bb,best_first,sum_degree,trivial,70.0,1.3020672798156738,2086,success,
scpc5.txt,400,4000,60,180,85.0,95.5,bb,best_first,packing,trivial,507.0,14.11075496673584,20458,success,
scpc5.txt,400,4000,60,180,85.0,95.5,bb,best_first,both,trivial,70.0,1.0939443111419678,2086,success,
scpd1.txt,400,4000,60,180,85.0,95.5,greedy,N/A,N/A,N/A,24.0,0.004886150360107422,1,success,
scpd1.txt,400,4000,60,180,85.0,95.5,bb,dfs,sum_degree,greedy,22.0,13.012114524841309,23550,success,
scpd1.txt,400,4000,60,180,85.0,95.5,bb,dfs,packing,greedy,22.0,15.005061149597168,52514,timeout,
scpd1.txt,400,4000,60,180,85.0,95.5,bb,dfs,both,greedy,22.0,15.006779432296753,14417,timeout,
scpd1.txt,400,4000,60,180,85.0,95.5,bb,dfs,sum_degree,trivial,22.0,14.902031660079956,23550,success,
scpd1.txt,400,4000,60,180,85.0,95.5,bb,dfs,packing,trivial,22.0,15.0009024143219,52156,timeout,
scpd1.txt,400,4000,60,180,85.0,95.5,bb,dfs,both,trivial,22.0,15.000707864761353,16729,timeout,
scpd1.txt,400,4000,60,180,85.0,95.5,bb,best_first,sum_degree,greedy,22.0,14.841099739074707,12994,success,
scpd1.txt,400,4000,60,180,85.0,95.5,bb,best_first,packing,greedy,24.0,15.10384202003479,4436,timeout,
scpd1.txt,400,4000,60,180,85.0,95.5,bb,best_first,both,greedy,24.0,15.050585508346558,3589,timeout,
scpd1.txt,400,4000,60,180,85.0,95.5,bb,best_first,sum_degree,trivial,22.0,9.822606325149536,24704,success,
scpd1.txt,400,4000,60,180,85.0,95.5,bb,best_first,packing,trivial,484.0,15.255122423171997,7774,timeout,
scpd1.txt,400,4000,60,180,85.0,95.5,bb,best_first,both,trivial,22.0,15.089377880096436,14685,timeout,
scpd2.txt,400,4000,60,180,85.0,95.5,greedy,N/A,N/A,N/A,27.0,0.006321430206298828,1,success,
scpd2.txt,400,4000,60,180,85.0,95.5,bb,dfs,sum_degree,greedy,26.0,15.00795602798462,29111,timeout,
scpd2.txt,400,4000,60,180,85.0,95.5,bb,dfs,packing,greedy,27.0,15.004313707351685,58378,timeout,
scpd2.txt,400,4000,60,180,85.0,95.5,bb,dfs,both,greedy,26.0,15.017117738723755,15996,timeout,
scpd2.txt,400,4000,60,180,85.0,95.5,bb,dfs,sum_degree,trivial,26.0,15.00156545639038,27129,timeout,
scpd2.txt,400,4000,60,180,85.0,95.5,bb,dfs,packing,trivial,27.0,15.001184940338135,56696,timeout,
scpd2.txt,400,4000,60,180,85.0,95.5,bb,dfs,both,trivial,26.0,15.003010034561157,19316,timeout,
scpd2.txt,400,4000,60,180,85.0,95.5,bb,best_first,sum_degree,greedy,27.0,15.060444593429565,2343,timeout,
scpd2.txt,400,4000,60,180,85.0,95.5,bb,best_first,packing,greedy,27.0,15.118513822555542,2823,timeout,
scpd2.txt,400,4000,60,180,85.0,95.5,bb,best_first,both,greedy,27.0,15.060902833938599,2456,timeout,
scpd2.txt,400,4000,60,180,85.0,95.5,bb,best_first,sum_degree,trivial,510.0,15.121270895004272,4104,timeout,
scpd2.txt,400,4000,60,180,85.0,95.5,bb,best_first,packing,trivial,510.0,15.166326522827148,5732,timeout,
scpd2.txt,400,4000,60,180,85.0,95.5,bb,best_first,both,trivial,510.0,15.072493076324463,2578,timeout,
scpd3.txt,400,4000,60,180,85.0,95.5,greedy,N/A,N/A,N/A,31.0,0.0036399364471435547,1,success,
scpd3.txt,400,4000,60,180,85.0,95.5,bb,dfs,sum_degree,greedy,27.0,15.018022775650024,22472,timeout,
scpd3.txt,400,4000,60,180,85.0,95.5,bb,dfs,packing,greedy,28.0,15.006871223449707,71636,timeout,
scpd3.txt,400,4000,60,180,85.0,95.5,bb,dfs,both,greedy,28.0,15.019349336624146,15357,timeout,
scpd3.txt,400,4000,60,180,85.0,95.5,bb,dfs,sum_degree,trivial,27.0,15.002164125442505,27934,timeout,
scpd3.txt,400,4000,60,180,85.0,95.5,bb,dfs,packing,trivial,28.0,15.000786542892456,68194,timeout,
scpd3.txt,400,4000,60,180,85.0,95.5,bb,dfs,both,trivial,28.0,15.003348350524902,16003,timeout,
scpd3.txt,400,4000,60,180,85.0,95.5,bb,best_first,sum_degree,greedy,31.0,15.078857421875,2807,timeout,
scpd3.txt,400,4000,60,180,85.0,95.5,bb,best_first,packing,greedy,31.0,15.101142883300781,3488,timeout,
scpd3.txt,400,4000,60,180,85.0,95.5,bb,best_first,both,greedy,31.0,15.063812971115112,2368,timeout,
scpd3.txt,400,4000,60,180,85.0,95.5,bb,best_first,sum_degree,trivial,513.0,15.11961555480957,3929,timeout,
scpd3.txt,400,4000,60,180,85.0,95.5,bb,best_first,packing,trivial,513.0,15.150091648101807,4512,timeout,
scpd3.txt,400,4000,60,180,85.0,95.5,bb,best_first,both,trivial,513.0,15.085149049758911,2262,timeout,
scpd4.txt,400,4000,60,180,85.0,95.5,greedy,N/A,N/A,N/A,35.0,0.006151437759399414,1,success,
scpd4.txt,400,4000,60,180,85.0,95.5,bb,dfs,sum_degree,greedy,31.0,15.013195276260376,27483,timeout,
scpd4.txt,400,4000,60,180,85.0,95.5,bb,dfs,packing,greedy,32.0,15.008583068847656,59534,timeout,
scpd4.txt,400,4000,60,180,85.0,95.5,bb,dfs,both,greedy,32.0,15.009183883666992,16365,timeout,
scpd4.txt,400,4000,60,180,85.0,95.5,bb,dfs,sum_degree,trivial,31.0,15.009032726287842,30768,timeout,
scpd4.txt,400,4000,60,180,85.0,95.5,bb,dfs,packing,trivial,32.0,15.029037475585938,65332,timeout,
scpd4.txt,400,4000,60,180,85.0,95.5,bb,dfs,both,trivial,32.0,15.00101613998413,15692,timeout,
scpd4.txt,400,4000,60,180,85.0,95.5,bb,best_first,sum_degree,greedy,35.0,15.08289122581482,2684,timeout,
scpd4.txt,400,4000,60,180,85.0,95.5,bb,best_first,packing,greedy,35.0,15.09537649154663,3589,timeout,
scpd4.txt,400,4000,60,180,85.0,95.5,bb,best_first,both,greedy,35.0,15.089884757995605,2698,timeout,
scpd4.txt,400,4000,60,180,85.0,95.5,bb,best_first,sum_degree,trivial,460.0,15.265613555908203,4714,timeout,
scpd4.txt,400,4000,60,180,85.0,95.5,bb,best_first,packing,trivial,460.0,15.138877868652344,5926,timeout,
scpd4.txt,400,4000,60,180,85.0,95.5,bb,best_first,both,trivial,460.0,15.074820280075073,2768,timeout,
scpd5.txt,400,4000,60,180,85.0,95.5,greedy,N/A,N/A,N/A,31.0,0.0052149295806884766,1,success,
scpd5.txt,400,4000,60,180,85.0,95.5,bb,dfs,sum_degree,greedy,26.0,11.2025306224823,15110,success,
scpd5.txt,400,4000,60,180,85.0,95.5,bb,dfs,packing,greedy,27.0,15.009470224380493,41772,timeout,
scpd5.txt,400,4000,60,180,85.0,95.5,bb,dfs,both,greedy,26.0,15.00449824333191,12312,timeout,
scpd5.txt,400,4000,60,180,85.0,95.5,bb,dfs,sum_degree,trivial,26.0,10.719858169555664,15110,success,
scpd5.txt,400,4000,60,180,85.0,95.5,bb,dfs,packing,trivial,27.0,15.001018762588501,48782,timeout,
scpd5.txt,400,4000,60,180,85.0,95.5,bb,dfs,both,trivial,26.0,15.006117105484009,12703,timeout,
scpd5.txt,400,4000,60,180,85.0,95.5,bb,best_first,sum_degree,greedy,26.0,9.334063053131104,12926,success,
scpd5.txt,400,4000,60,180,85.0,95.5,bb,best_first,packing,greedy,31.0,15.168245315551758,4444,timeout,
scpd5.txt,400,4000,60,180,85.0,95.5,bb,best_first,both,greedy,26.0,12.110894680023193,12913,success,
scpd5.txt,400,4000,60,180,85.0,95.5,bb,best_first,sum_degree,trivial,26.0,8.143297910690308,13327,success,
scpd5.txt,400,4000,60,180,85.0,95.5,bb,best_first,packing,trivial,475.0,15.19494366645813,7357,timeout,
scpd5.txt,400,4000,60,180,85.0,95.5,bb,best_first,both,trivial,26.0,9.36023998260498,13327,success,
